xvalue,yvalue,lowerCI,upperCI
France,0.9,0.762140582,0.91544367
Ghana,0.986,0.953756323,1.113716766
Eritrea,0.4,0.252092563,0.469616388
Montenegro,0.2,0.07675212,0.269448362
Kuwait,-0.16,-0.463193732,-0.0755478832
Belize,0.4,0.394911927,0.522593444
Andorra,0.15,0.021105974,0.349661967
Peru,0.9,0.806077985,1.036773339