name,min,max,average,First quartile
Home,1.036438598,82.81832389,41.92738124,41
Hospital,67.79034467,97.15070027,82.47052247,30
Care home,51.44576587,20.33129332,35.8885296,95
Other long title for wrapping,83.69747402,83.59107712,83.64427557,40