name,min,max
Home,1.036438598,82.81832389
Hospital,67.79034467,97.15070027
Care home,51.44576587,20.33129332
Other long title for wrapping,30.69747402,83.59107712
